frac_eff,frac_eff
A_BCD,-0.24999999999999972
B_ACD,-0.5000000000000004
C_ABD,-1.1000000000000003
D_ABC,-0.55
AB_CD,-0.7
AC_BD,-1.3
AD_BC,-2.15
